<?xml version="1.0" encoding="UTF-8" standalone="yes"?>
<addon 
    id="repository.guga" 
    name="Guga Repo" 
    version="2.0" 
    provider-name="Guga-Repo">

    <!-- Requisitos -->
    <requires>
        <import addon="xbmc.addon" version="12.0.0"/>  
    </requires>

    <!-- Repositório -->
    <extension point="xbmc.addon.repository" name="Guga Repo">
	 

        <dir>
        <info compressed="false">https://raw.githubusercontent.com/gustavolourencosilva/Guga-Repo/main/Zips/Omega/addons.xml</info>
        <checksum>https://raw.githubusercontent.com/gustavolourencosilva/Guga-Repo/main/Zips/Omega/addons.xml.md5</checksum>
        <datadir zip="true">https://raw.githubusercontent.com/gustavolourencosilva/Guga-Repo/main/Zips/Omega/</datadir>
    </dir>
    <dir>
        <info compressed="false">https://raw.githubusercontent.com/gustavolourencosilva/Guga-Repo/main/Zips/Omega/addons.xml</info> <checksum>https://raw.githubusercontent.com/gustavolourencosilva/Guga-Repo/main/Zips/Omega/addons.xml.md5</checksum>
        <datadir zip="true">https://raw.githubusercontent.com/gustavolourencosilva/Guga-Repo/main/Zips/Omega</datadir>
    </dir>
    </extension>

    <!-- Metadados -->
    <extension point="xbmc.addon.metadata">
        <summary>Repositório Guga</summary>
        <description>Addons para Kodi</description>
        <platform>all</platform>
        <assets>
            <icon></icon>
            <fanart></fanart>
        </assets>
    </extension>

</addon>
